,item_brand_id,item_brand_id
-1,473.0,18.0
1519408548701639,2.0,
2258579918686057,84.0,2.0
3319198235217144,356.0,13.0
3718718487310364,45.0,4.0
4083991695698405,276.0,13.0
9283961194704687,47.0,
10179799365659567,9.0,
12889248311141240,2.0,
20146860753528028,2.0,
20994512933250522,538.0,17.0
24686883552113049,10.0,
25728712499527633,2.0,
33199318976360609,2.0,
34279629232910055,5.0,1.0
38444166278535506,14.0,
48560508375696200,1.0,
50094641739829925,39.0,
60085468723317312,38.0,3.0
60741632119970923,20.0,
63507203778758599,1377.0,35.0
72082210741361909,123.0,
89950627625980961,6.0,
93802507035433851,2.0,
128437203215538941,1.0,
132473676516508137,127.0,4.0
136334200187609148,1.0,
142762304458833439,24.0,1.0
154240117998755021,9.0,
161155666911242476,6.0,
165460267080539536,108.0,4.0
166347280773663615,6.0,1.0
168295469382829391,1.0,
168539389200065406,37.0,
173290985872487153,4.0,
179179621872807992,92.0,2.0
200967775838540985,256.0,9.0
203481156419468130,850.0,36.0
206377330343563115,11.0,
210903028616515233,2.0,2.0
212546034675294321,5.0,
213005540714076483,14.0,2.0
214823004492419937,1.0,
215585566825544575,2.0,1.0
216096364461694795,4.0,
218311401413093427,251.0,13.0
220872348806183811,38.0,3.0
222046295950858523,13.0,
223136115558074817,735.0,41.0
235459053353583513,1.0,
239861293453485799,6.0,
244446120625159295,1.0,
251392224411392186,97.0,12.0
253143647144366194,32.0,3.0
257190416387136534,6.0,
261648210649008565,29.0,
261758669821472794,131.0,4.0
273832060438486799,30.0,
293019889040333624,1.0,
301447510486111391,41.0,1.0
307077377153906957,40.0,2.0
310641957766352982,1.0,
316451135977126316,15.0,
317557602766402608,87.0,3.0
341142823274987508,646.0,40.0
351705412258520093,1.0,
352415058359884193,278.0,20.0
354438096509891533,6.0,
358446011988417563,93.0,4.0
362959268766331166,153.0,5.0
365936327983005299,67.0,4.0
366870777410072044,10.0,4.0
371292887818079030,1203.0,43.0
372817331750619088,196.0,9.0
380049347672507468,368.0,11.0
380114703580655032,7.0,
384323923446678388,1.0,
395571785648738289,121.0,1.0
397056936032290202,130.0,4.0
400411644248674675,348.0,15.0
404176022999484537,345.0,11.0
405750047292649853,259.0,15.0
408244251415862919,3.0,
417338504311018577,14.0,
420762574404657350,3.0,
422698708460168274,649.0,22.0
426372138013320344,117.0,3.0
427220250760355800,419.0,11.0
431731729858637519,1.0,
438842006900612137,2140.0,53.0
443537650670197776,6.0,2.0
444719325325207441,35.0,4.0
448955875785543916,10116.0,430.0
449823962934909098,12.0,1.0
453665545589652997,10.0,1.0
458315921466822859,4.0,
468364965857631728,,1.0
472723519693173795,119.0,3.0
475402708610434623,2.0,
479090649693487423,22.0,
481929538763801947,272.0,13.0
486623327963026306,586.0,14.0
492457478797967409,1.0,
495375410304184867,443.0,8.0
500530628491009088,59.0,3.0
505329979017873922,210.0,15.0
513975402228645546,9.0,1.0
521966592675104810,62.0,1.0
527856922398671322,17.0,
529552190693473521,52.0,
530856506287442050,2.0,
542348887826160597,1230.0,40.0
551566764321008282,92.0,1.0
553306172069848917,18.0,
563589641225818182,1058.0,55.0
564849315936326712,476.0,18.0
566707240577395063,1.0,
570357201760646674,177.0,6.0
572506104209254237,3.0,
576188630300964501,17.0,1.0
576879866005618486,5.0,1.0
582259576666528632,1.0,
588975883845615323,112.0,
591887089823269458,47.0,1.0
605266119463963358,980.0,43.0
605451659454092434,3.0,
611058257910356867,81.0,3.0
616084644102498110,1080.0,43.0
621727688060614402,1.0,
628386333312567968,10.0,
630095998772585794,5.0,
638968523781107892,151.0,3.0
639878216303229607,1.0,
641528754554852836,4.0,2.0
642845927100041829,47.0,
647859000499576638,3.0,
649011438197962804,1.0,
651907538513979314,4.0,
652034125860267200,1047.0,43.0
657047931805712549,8.0,
660793036082829259,364.0,27.0
664819131092059027,16.0,
665010924190078800,2375.0,85.0
668482657174475400,2.0,
675341330504856120,3.0,
677232347053913813,2120.0,78.0
687012404214518829,1104.0,41.0
688811538849530457,240.0,10.0
695761375024350164,21.0,2.0
696005017895616363,27.0,1.0
698665034249677336,1251.0,44.0
699707600207612358,6.0,
699744541828275354,32.0,
704963594262057004,1.0,
711562334545094769,784.0,31.0
714091493140130257,1.0,
714851346518742392,27.0,2.0
724441273297713112,165.0,6.0
725934228067748330,627.0,19.0
727467278665777929,210.0,5.0
738414328907721651,146.0,6.0
739382823914881928,6542.0,265.0
739435753649576466,102.0,7.0
746082350056278088,540.0,24.0
748952021365562922,1.0,
750650791172354215,1.0,
765338052023705343,41.0,8.0
769715608523591456,3.0,
771058568661781845,61.0,2.0
771414079056604419,109.0,3.0
773175439422107267,6.0,
774451665393531892,2.0,1.0
778675952376446630,1066.0,54.0
783017143848796153,16.0,1.0
786530598471254858,38.0,
790507071339894086,2.0,1.0
798132585569739859,5.0,
804265198804498227,1959.0,83.0
809753210184917366,176.0,11.0
811445861171384679,46.0,1.0
814400033388665420,9.0,
829260243110655275,7.0,
829759450618546025,3.0,
832341790928930963,1.0,
833512165733914522,152.0,8.0
850758940501120569,10.0,2.0
860792044883489908,4.0,
861091434106884652,1.0,
874565743291901067,3.0,
882430521975359533,118.0,
886422104775108338,3.0,
889207947845988076,619.0,14.0
892719047606378640,29.0,2.0
900095393633294776,5.0,
908059756086957950,46.0,2.0
909598368788921730,12.0,
914675547403689947,3.0,
916986112671320311,7.0,
926783059371403813,48.0,5.0
927126256097426178,1.0,
942834060253028945,1.0,
946507344032419828,294.0,6.0
954817835029199272,2.0,
958138188742349128,14.0,
976974472162148235,298.0,9.0
980974631613918785,3.0,
984471850829496336,1724.0,70.0
984685729638644361,411.0,20.0
992098561591668057,19.0,
996033269132405565,806.0,36.0
998102887259065265,24.0,1.0
1000444789089599096,535.0,18.0
1002012988005268169,1.0,
1004681906285846271,224.0,11.0
1007597831643882679,4.0,
1009261432904589151,66.0,3.0
1009525208450154098,19.0,1.0
1016746279629642518,374.0,19.0
1027115673933417741,652.0,27.0
1030142961932479619,3.0,
1030169074981583596,27.0,1.0
1036226680637933898,2.0,
1038234193435906128,197.0,4.0
1040679242237416938,24.0,2.0
1040830087698324062,13.0,
1042036239473461289,23.0,2.0
1048575675000216649,2.0,
1054031417880363592,110.0,3.0
1055157388084627526,4.0,
1059148254012244795,27.0,2.0
1070387721799633227,3.0,
1070799114727248369,8.0,
1080366415077953504,8.0,
1089914573957921948,1.0,
1090367195407758020,136.0,3.0
1105007820322942900,23.0,2.0
1105822776491461163,14.0,
1108127165759079337,7.0,
1112544262283218465,23.0,1.0
1114275315610038623,1803.0,73.0
1114535828407357872,250.0,13.0
1125141901120686848,105.0,7.0
1125727884317940739,35.0,1.0
1131394502159255175,1.0,1.0
1139236386309898191,1.0,
1139692969508095024,3.0,
1141462653166143173,3.0,
1141543452119332776,142.0,10.0
1143156120798480098,93.0,3.0
1159945012974054818,14.0,
1167265741771687498,616.0,24.0
1172587650831997145,3.0,
1173203212066138107,282.0,12.0
1180626999024325576,15.0,
1181604128184835906,611.0,22.0
1183000228983948549,9.0,
1184195227039843295,1.0,
1186109324822538632,3.0,
1193125759244385452,92.0,4.0
1198108726839695244,1.0,
1210854924368679651,135.0,7.0
1210978069793927634,360.0,11.0
1212158767298395095,3097.0,140.0
1212735052059221856,3.0,
1214554121388711762,1.0,
1216233618575066737,2.0,
1225305548092953230,1.0,
1226827387483516985,2.0,
1229702094195305603,32.0,
1231714214500550758,14.0,2.0
1232718597505665813,1.0,
1233865839240591805,1.0,
1235602862930288098,17.0,
1236710236836990947,26.0,
1249145794364078894,334.0,10.0
1254113242060749945,3.0,
1254488457663898499,,1.0
1255927636777535249,87.0,7.0
1256786379112524860,5.0,
1259773010118109380,1.0,
1265439549813557879,,1.0
1272180509303241139,2.0,
1279765306856479343,56.0,4.0
1286565666424348139,2.0,
1288231174162106915,202.0,3.0
1291502036219803400,1.0,
1294471844438986765,8.0,
1294911041379604566,19.0,1.0
1295326989909367975,,1.0
1303229881636059273,16.0,2.0
1311369164701863659,151.0,4.0
1312923239135398435,72.0,1.0
1313573719966585812,69.0,2.0
1318533987629362645,34.0,1.0
1327691150366906090,1.0,
1328812993927735048,1.0,
1333239736864783625,195.0,14.0
1337012936516287132,2.0,
1337152859365029372,23.0,2.0
1344183726097386636,1285.0,36.0
1345446948125523826,17.0,
1349426400580613173,1.0,
1351407110648227510,24.0,
1359892938149458087,2.0,
1360800755432699473,21.0,
1369512018026381517,8.0,
1369755222868145421,4.0,
1379055764676355712,888.0,34.0
1379903301671860852,2.0,
1388415477577912882,1.0,
1392106714438449970,7.0,
1394616975468423915,154.0,2.0
1398960358150927535,2.0,
1400802473263903217,2238.0,88.0
1412473621237992339,1.0,
1413191724361363452,3.0,
1414006188359925783,5.0,1.0
1414459245641335422,18.0,
1415167838887566918,26.0,4.0
1416257592183191883,5.0,
1421912341964323887,510.0,27.0
1423500908878311210,14.0,2.0
1425727509380670223,23.0,1.0
1437003326314326971,1.0,
1437042379360969163,69.0,5.0
1440552328957943513,1.0,1.0
1448583051819699755,39.0,2.0
1449471772662087142,7.0,1.0
1451208520788676564,6.0,
1455024419744607620,378.0,12.0
1457711657335669008,1.0,
1457720539306713264,26.0,1.0
1464941111028435199,12.0,
1467982943462037323,95.0,3.0
1475260698192271737,142.0,6.0
1482476797423597690,2.0,1.0
1490558258160573536,562.0,18.0
1498953098295181898,75.0,1.0
1514563352737065552,208.0,6.0
1517527561485405243,2.0,
1519474610606985949,5.0,
1521355149221767440,1.0,
1525200379272674288,3.0,
1541965394411431357,2.0,
1547587459414826384,83.0,2.0
1547983184598012595,64.0,1.0
1548665255535986551,8.0,
1548998359542295756,43.0,1.0
1551083363013517831,62.0,1.0
1554811712503440345,67.0,14.0
1571104728615099625,44.0,1.0
1572910534750123008,11.0,
1575395828963206421,11.0,
1576698996900640087,191.0,4.0
1583584882182591987,29.0,
1587691928519283665,77.0,4.0
1593849811729963439,58.0,3.0
1606155583210953813,6.0,
1609006070376284069,4.0,
1613285784030753266,3.0,
1614216859999298015,6.0,
1615602403770591625,45.0,4.0
1624622265405899959,1.0,
1636465398134661088,9.0,1.0
1637297499577826630,266.0,
1647716172756282763,5.0,
1650923515386688213,26.0,
1659487115070030312,6.0,1.0
1663027736798647020,1.0,
1682274715162637452,17.0,1.0
1683158831885023155,19.0,
1683400697370314271,6.0,
1684548025059988787,1154.0,60.0
1691831228063045807,694.0,13.0
1694954135145032091,1.0,
1704428213202701147,4.0,
1705672709803620950,14.0,
1705933608809177762,152.0,2.0
1706974433851155084,39.0,
1710243104591838300,1.0,
1722020863675167047,10.0,1.0
1725542323385642649,1.0,
1728537991882661367,1095.0,52.0
1734833115394527894,1.0,
1740840434806217811,2.0,
1744254126274846056,24.0,
1749985935065629894,45.0,4.0
1753989991215039549,2.0,
1755998806473263895,20.0,1.0
1756352587007946262,1057.0,28.0
1758879356108554031,11.0,
1763442354870660963,1.0,
1770792059819099664,2.0,
1772021678634391264,223.0,12.0
1773262866821344846,1263.0,51.0
1775713309097779108,1320.0,69.0
1779075936108115249,79.0,3.0
1779279822658813774,165.0,9.0
1781292436504317732,131.0,2.0
1784509871892127815,134.0,11.0
1784873305861888658,23.0,
1789774488828814678,2.0,
1789778962424386208,6.0,
1796483042392074733,376.0,16.0
1796595154758719335,420.0,17.0
1800800748665617567,5.0,3.0
1808754323763465396,1310.0,43.0
1817055593347882380,21.0,2.0
1818771077871050112,1.0,
1820016980388869419,14.0,
1823318408189497799,147.0,20.0
1824519160651508059,4.0,
1824642178047395335,16.0,1.0
1831015822406902896,351.0,16.0
1836122011328174006,1.0,
1837428325529040314,157.0,5.0
1838765421791995034,523.0,25.0
1842327023449366624,3033.0,73.0
1845492120332638685,119.0,4.0
1847530585550258859,2.0,
1850538188661123614,1654.0,64.0
1852312812381917320,112.0,5.0
1859164527514573160,3.0,
1866202213345328066,26.0,2.0
1869485793196349073,696.0,21.0
1870467097935197685,346.0,6.0
1880358546513818427,30.0,6.0
1884030881593521133,89.0,5.0
1885778242503695506,115.0,10.0
1888407439936230659,514.0,23.0
1893624263541636529,33.0,1.0
1902568530584691432,4605.0,180.0
1902942837050666636,128.0,1.0
1903769162135496722,26.0,
1905875781424631985,27.0,
1907767355640549867,1.0,
1915033892338275509,30.0,5.0
1915878413445556672,10.0,
1917098003500226977,13.0,
1917484893906136600,20.0,1.0
1920920913713267670,77.0,3.0
1924896087747605022,,1.0
1930476509697288709,646.0,32.0
1936052437378472563,10.0,3.0
1937143533844886840,2.0,2.0
1946263497693506494,20.0,
1949253440585558186,3.0,
1950432225796368674,4.0,
1951502841256802599,73.0,4.0
1956776696426245546,8.0,
1967907421771441567,43.0,1.0
1969829272505692934,7.0,
1973573157110704730,330.0,8.0
1975590437749032870,86.0,4.0
1977452233336750190,22.0,1.0
1978024841092199569,281.0,10.0
1984913534558677312,476.0,11.0
1985464921457777734,8.0,
1986792830859993186,289.0,17.0
1990644695499718451,282.0,11.0
1995487639676139524,1.0,
1996009312933512130,20.0,
1996433316518135678,2.0,
2000276858158923743,1361.0,44.0
2008980650249617160,161.0,8.0
2010928140773973217,491.0,12.0
2015062982463089224,9.0,
2023279628451919888,13.0,
2025902881512697284,128.0,7.0
2026280562767589724,2.0,
2027307704589048019,35.0,2.0
2031834275485802235,45.0,3.0
2033851976047231293,16.0,
2035990892308861186,42.0,1.0
2037800448699820460,14.0,
2042471703919906682,1596.0,49.0
2069809633416001464,614.0,18.0
2071150702958512505,9.0,
2074572844102946052,5.0,
2086690181542776171,39.0,2.0
2094605210105623477,16.0,1.0
2101449266475505557,5.0,
2105386503517368227,1207.0,44.0
2110056403224894319,18.0,
2111759778450727602,244.0,15.0
2113385115144313433,2.0,
2117275670951889165,340.0,7.0
2123795719626880294,108.0,5.0
2126020183913650810,159.0,
2132546534656164707,20.0,2.0
2136526403767891331,1.0,
2137350589897801842,299.0,9.0
2144917634003913567,1.0,
2146261404694333082,1133.0,61.0
2146938411796025958,7.0,1.0
2149360385271332316,57.0,1.0
2160034942557246634,4.0,
2165336238867584847,24.0,
2167261245183264115,1.0,
2194933110319759433,2.0,1.0
2200420268956687837,1.0,
2204331344555152469,1.0,
2211483975971054310,20.0,1.0
2216647008614259178,50.0,8.0
2217640936446924096,48.0,
2219703714494474381,142.0,7.0
2220006899086146334,1759.0,34.0
2224553014095621216,9.0,
2227215036669828368,47.0,
2228705680316257581,1.0,
2234204821992007469,4.0,1.0
2236605390704651772,22.0,2.0
2237963406297552129,14.0,
2239545136426442802,25.0,
2254024876890522469,1746.0,48.0
2254796612638806586,298.0,8.0
2257310737612258724,144.0,6.0
2260714063050657809,92.0,16.0
2264169156155479071,11.0,
2265509553839643946,831.0,22.0
2266624586487070843,2.0,
2274153312279423185,186.0,5.0
2278265444165450166,466.0,23.0
2284060312728715872,45.0,
2298063637331138207,239.0,10.0
2306643158767110182,6.0,1.0
2311120803598506091,4.0,
2314287946667098058,5.0,
2319438292147186178,13.0,2.0
2338279405257328373,12.0,
2340443433577503406,4.0,
2348486371677245014,1648.0,75.0
2351872337432696380,544.0,22.0
2357806237077749053,115.0,6.0
2358434480250555035,1803.0,63.0
2358553334196069859,1.0,1.0
2365516780470855940,16.0,
2366422142128573346,45.0,1.0
2367945240129571178,,1.0
2370116846508966484,6.0,
2370561303120881603,23.0,
2377959441382357698,28.0,7.0
2381362365027511622,230.0,10.0
2391967490860260727,1.0,3.0
2410734372345415538,410.0,15.0
2417255850089060832,,1.0
2430973593488699025,4.0,
2431711823271328279,455.0,26.0
2433688871767608900,3.0,
2433930383161011724,512.0,18.0
2434214250070487224,65.0,4.0
2434634072997671059,1.0,
2441011883311287644,3.0,
2441922225904422164,2456.0,91.0
2442952086829347693,3.0,
2443767651816475738,69.0,1.0
2458877485940799004,24.0,3.0
2463094016896883731,1.0,
2463540639205920840,449.0,12.0
2463768765227257817,42.0,1.0
2465113284283306013,357.0,3.0
2470002479620205349,2.0,
2471679938506144141,8.0,1.0
2479301133483350869,129.0,6.0
2481433006155470266,19.0,2.0
2508308420192321298,596.0,4.0
2513298335525123490,451.0,24.0
2516033015467195218,1.0,
2522329521284740522,9.0,
2527586760524889220,5.0,
2528390555528708263,11.0,
2528729650287824288,22.0,2.0
2531599738408677057,1882.0,52.0
2536069499941586425,31.0,3.0
2537998021751902829,182.0,6.0
2547624111723105552,8.0,
2547694809324213975,43.0,1.0
2550316794429952821,592.0,16.0
2551420933934086104,3.0,
2553900311107634961,452.0,12.0
2566895554695613658,119.0,
2569619155837169064,1.0,
2573541339134905805,253.0,10.0
2574974292101837260,1122.0,43.0
2575143646729328174,196.0,3.0
2580641330136051372,6.0,
2585914429781316323,18.0,2.0
2594364129477477448,109.0,2.0
2596664782851361866,73.0,1.0
2601557409345708624,30.0,
2603057874200418743,774.0,25.0
2603815409272347112,70.0,7.0
2604145286916579853,45.0,2.0
2607252331102390046,107.0,3.0
2610179031068642585,1.0,2.0
2624565531843224334,3.0,
2628145687067757096,331.0,8.0
2635405266419916380,3.0,
2638621458875440480,4.0,
2645412118993949063,71.0,4.0
2651321887802976176,8.0,
2651613929872353959,4.0,1.0
2652513713382709444,111.0,2.0
2656022268775214758,2.0,
2657094651613034721,10.0,
2660065610372670301,18.0,
2664678894664403724,73.0,8.0
2667264495050944988,18.0,2.0
2674516600311780418,6.0,1.0
2680943928413655757,14.0,
2696641545805972685,57.0,2.0
2697819309179941967,683.0,20.0
2700045787236216678,2.0,
2707400123518269628,2288.0,148.0
2711192547552293669,13.0,
2722406319955659573,361.0,13.0
2722665432729876049,119.0,1.0
2725539665958105977,19.0,
2727312978101389280,185.0,8.0
2737900891097299093,135.0,2.0
2739238031365388082,177.0,11.0
2743124383630272672,139.0,3.0
2744248483342326940,4.0,
2749708500067812863,36.0,
2753949486266415812,58.0,3.0
2755863038265768327,458.0,22.0
2757362883876463316,1.0,
2757663300857664810,6.0,
2758386272424225192,1.0,
2759943738356103127,1708.0,51.0
2761838849619209140,212.0,2.0
2764982688988666833,4.0,
2765854067231029050,2.0,
2766660913666618611,1.0,
2768135360437758991,23.0,
2771907711553889026,464.0,28.0
2781966680439387421,4.0,
2782127603836674145,663.0,36.0
2787124178387229000,1.0,
2799143982000941467,56.0,1.0
2810318891041318604,3.0,
2810875094251718506,131.0,2.0
2825452344708949343,28.0,5.0
2829584416399489299,6.0,
2831387796616692830,1.0,
2832713771284768522,19.0,1.0
2835274438556334377,4.0,
2835697047256819313,54.0,2.0
2838740146205262716,11.0,2.0
2839155958592566501,2.0,
2839983749362415161,415.0,13.0
2840732825823024200,9.0,3.0
2852010473883186982,13.0,
2856202265368482590,3.0,
2857599485726057596,23.0,1.0
2859693450086214027,46.0,3.0
2862035747546276151,2.0,
2863052559461831010,33.0,
2863282648825813022,9.0,
2872780432062045924,1.0,
2875813601344730818,2.0,
2888213459675453400,74.0,3.0
2901300671825695498,4.0,1.0
2918103106410463686,29.0,
2924974844757088429,9.0,
2925965718661632091,168.0,9.0
2927777221730923682,18.0,
2929365212613077745,47.0,3.0
2932060704286270905,1.0,
2936195619579566231,63.0,
2938732577685183004,88.0,2.0
2942977840574496576,28.0,
2944379528335004404,28.0,1.0
2946158983058054224,15.0,
2946210972630762947,37.0,1.0
2947128446560472970,416.0,13.0
2966181039819761879,22.0,1.0
2967152924522580025,1.0,
2983061888166857164,141.0,11.0
2983915159769402384,7.0,
2986722105716169946,3.0,
2991606464225538808,1.0,
3001778221288817398,861.0,18.0
3012991594487159162,43.0,1.0
3013547332873803780,1.0,
3021710929980977134,125.0,3.0
3038335432165795970,176.0,9.0
3038350209857473999,193.0,4.0
3043655221050717440,17.0,
3054677884420450676,76.0,
3061177355314378688,1114.0,49.0
3062915713552499336,15.0,
3062946152611594110,1.0,
3064696137055411066,1.0,
3078067823025069599,16.0,
3083918447793697333,12.0,2.0
3091051069673751841,206.0,3.0
3092451975117608332,2.0,
3095754226004529341,1.0,
3101174666276603352,927.0,33.0
3105478863941995889,26.0,
3120939933851231865,3.0,
3121826838913775183,2.0,
3122572229396716108,449.0,10.0
3123660075448381663,174.0,6.0
3133308618708549225,136.0,5.0
3135226624455474310,224.0,9.0
3137666856009891422,1.0,
3143788391761479830,1.0,
3149023490386272470,1.0,
3151545095982230168,4.0,
3151686686631250495,6.0,
3152124822006522096,133.0,6.0
3160372918745112985,630.0,9.0
3174346974724254356,104.0,5.0
3175711307711401523,2.0,
3176466511659495411,1.0,
3178240899982363011,5.0,1.0
3182817987610294335,2.0,
3191951255913130258,831.0,25.0
3195948879305416881,346.0,12.0
3196245114618206915,76.0,5.0
3203855710488933512,23.0,1.0
3208082892039181316,485.0,8.0
3208592546374319659,52.0,7.0
3209178403627396829,28.0,1.0
3216523634031991185,59.0,4.0
3232465741406156427,2.0,
3241460880083614408,4.0,1.0
3241751898796991084,4.0,1.0
3242156175994052466,1475.0,40.0
3242938704027098025,30.0,
3243586205308360727,300.0,14.0
3249037199295944705,3.0,
3251949452847086247,374.0,15.0
3261075825695270303,1.0,
3277727854670480056,5.0,1.0
3287020725474260565,32.0,
3307152096707420076,1443.0,67.0
3321064285232298680,2388.0,102.0
3347707124891791591,19.0,
3348715333324231617,4.0,
3349422165762906622,1.0,
3350131837963868243,135.0,7.0
3351806778234144687,70.0,1.0
3356846468300639890,773.0,31.0
3356881517069190955,3.0,
3364191498759668060,166.0,7.0
3368913385286421353,58.0,1.0
3373514909365301036,32.0,
3386054247163653159,67.0,3.0
3388767797193485803,2.0,
3401656347762306469,22.0,
3406273621399342427,135.0,5.0
3415309726288421901,328.0,14.0
3431568242621627524,609.0,26.0
3432292709074357949,71.0,4.0
3435873077482237132,43.0,
3436232319358136278,13.0,
3442616245881470478,168.0,7.0
3443287528211514149,,1.0
3444301938944589255,21.0,2.0
3444937902016492719,6.0,
3451006629941495434,9.0,1.0
3458190940665673944,166.0,2.0
3463449786285346160,2137.0,87.0
3463851178438903614,49.0,1.0
3471225437305441021,23.0,
3485508887224433604,2.0,
3486738171567942418,10.0,2.0
3491409284268814856,6.0,
3491479151344753326,25.0,
3492470547033232601,3.0,
3495240476853857816,3.0,
3498818960814980978,1.0,
3498960689963214703,5.0,
3500024201025891270,2.0,
3500909272885700048,73.0,3.0
3508399040625061660,31.0,2.0
3510414291092716256,20.0,
3511353829911033103,1.0,
3512628690504991767,3.0,
3513304268972545546,10.0,
3520504577995613620,15.0,1.0
3521659981033599291,10.0,
3525612455368774838,2.0,
3528918429809474042,302.0,8.0
3530516330553869104,5.0,
3534288168691996738,829.0,43.0
3538928070464402681,15.0,2.0
3543781821822678352,384.0,15.0
3545162983399016887,1.0,
3548513926157825147,443.0,16.0
3548856535577129826,29.0,1.0
3550131161226884998,8.0,
3558483762596688694,213.0,3.0
3564701863891389957,10.0,
3569451864863978146,80.0,
3571008079426038455,24.0,
3572662223168173906,271.0,12.0
3583887715287288932,1.0,
3585498951645506891,72.0,2.0
3590481504050109449,150.0,
3593262109459159060,75.0,7.0
3593366272871971089,5.0,
3596585875183751761,188.0,12.0
3602356546680631746,51.0,3.0
3616204738618214310,2.0,
3618860281344505036,7.0,
3624211799645203683,1.0,
3624481338740306892,3.0,
3625509808628186870,48.0,1.0
3629853474657979785,104.0,4.0
3633702034521506136,51.0,7.0
3636708113743622050,669.0,19.0
3646462354660684820,22.0,
3649423509153586606,403.0,7.0
3653211071477815071,11.0,
3654054475887989376,21.0,2.0
3663417955464902100,3.0,
3664273673094858953,93.0,6.0
3667633675764880373,37.0,
3678899151864503525,67.0,2.0
3682532978884444566,2140.0,99.0
3695113610352418601,1.0,
3697251094784296011,2645.0,73.0
3698170732083867512,771.0,33.0
3702910268840391700,35.0,
3707204292575104004,3.0,
3708031649985621113,2.0,
3712083873154941280,15.0,
3713961429302770153,4.0,1.0
3716971171560913668,29.0,3.0
3726110507877041270,302.0,12.0
3728965643809229448,471.0,26.0
3729143058357482979,123.0,8.0
3735195907200868148,3.0,
3737623990213374115,2.0,
3746511571215192573,142.0,4.0
3747974987351812395,12.0,1.0
3750900052146390873,4.0,2.0
3757110976536169534,4.0,2.0
3765442984647241130,3178.0,137.0
3767552658150262082,264.0,21.0
3767558749568724697,4.0,
3777179810859473512,13.0,1.0
3778417549202805914,8.0,1.0
3784632554414137720,15.0,1.0
3790191144605738777,297.0,13.0
3793339838459985631,214.0,2.0
3799957090145731704,1.0,
3801133987812650624,11.0,
3801992748557162347,3474.0,117.0
3806685562972567217,6.0,
3809200371732262126,3.0,1.0
3811058726564404024,1.0,
3812037854952131963,1.0,
3814599225702500830,2.0,
3816080871538180106,8.0,
3826455834406003646,1.0,
3829646498308478768,2.0,
3829961195442541575,158.0,3.0
3837589844825527706,110.0,4.0
3838104112892383992,1277.0,52.0
3846170198562892207,32.0,
3847695052892300788,3.0,
3851908950217669423,568.0,23.0
3852153073703225909,17.0,
3852648456118423419,1.0,
3855092522915419298,271.0,11.0
3862166024782658317,3.0,
3864064224702626157,4.0,
3866015610961377875,747.0,23.0
3867422019915548390,2.0,3.0
3868085336331059959,2.0,1.0
3869579029282977352,27.0,2.0
3869929852552150668,333.0,13.0
3871779235990929422,48.0,2.0
3875844988490688638,35.0,3.0
3881108956165911308,25.0,3.0
3883988593196024868,1572.0,33.0
3884267719846612071,2678.0,112.0
3889178859023712903,2.0,
3897222661772848809,5.0,
3905911852491820812,18.0,2.0
3906090596004177811,1.0,
3909895556819581367,614.0,23.0
3912714044457959771,24.0,
3913842943493124804,2.0,
3923097827220090068,793.0,56.0
3924347667839339952,49.0,3.0
3929412390923294388,31.0,
3931040456991779027,2.0,
3936049651819311412,657.0,56.0
3938788859053536302,2.0,
3939900090813197482,3.0,1.0
3948919496265038194,11.0,
3953456177407100048,1882.0,98.0
3957003427127041275,35.0,1.0
3963970437795386079,21.0,1.0
3964681055287963176,884.0,17.0
3970219485345793880,47.0,
3980888957071919083,576.0,18.0
3988949127024931068,12.0,
3991420353895055233,17.0,3.0
4002181421497764525,307.0,7.0
4002232996098808374,19.0,
4006938065815911411,1.0,
4009389188186334207,37.0,2.0
4010640170198809282,30.0,
4011894015270931727,1.0,
4013064884300159884,34.0,2.0
4013398411071531064,9.0,1.0
4026091180853932287,12.0,
4032494113504849235,13.0,1.0
4035460258495470809,50.0,5.0
4039245293704127696,765.0,31.0
4042812059198670237,37.0,3.0
4069665542450430925,58.0,2.0
4070171673033902118,81.0,3.0
4070462450828021967,4.0,
4072327419397971001,524.0,13.0
4088992805817813410,51.0,1.0
4091555402720752815,23.0,
4103451637312014344,3.0,
4114149983554770719,73.0,4.0
4115787681853693828,607.0,23.0
4115812000579028485,1.0,
4125468954637365704,4.0,
4132995816010332876,2.0,
4140294213171820434,5.0,1.0
4140358481528004392,13.0,
4141314312718657909,1.0,
4142038120268651903,10.0,
4142193175809505979,194.0,8.0
4142458516893052338,108.0,1.0
4143607749872323955,17.0,2.0
4143881979322010891,669.0,40.0
4146032983673497672,19.0,1.0
4147045200729695673,3.0,
4152523181972026474,12.0,
4154247637194741537,198.0,10.0
4154477257650452973,1.0,
4169518730188584032,142.0,10.0
4173338066445297908,13.0,
4177661249275026832,192.0,16.0
4180903664727847978,88.0,14.0
4181520749093229088,134.0,2.0
4186220742213200369,7.0,
4191021222338422219,122.0,8.0
4196025024202409809,492.0,47.0
4204164627642802318,21.0,3.0
4204931641019717232,45.0,
4206814617628879582,345.0,8.0
4211925131341535677,45.0,1.0
4218655860652457902,2.0,
4219436286513843074,2339.0,97.0
4222637541286683866,14.0,
4224980503944775296,48.0,1.0
4228814689533416217,21.0,1.0
4229608078998747924,320.0,13.0
4230331724378164809,124.0,5.0
4232410454546145299,2052.0,64.0
4242082147647330045,16.0,
4250495958149357450,2.0,
4252599153268226966,36.0,
4254697797188372744,39.0,3.0
4262650003305800453,1.0,
4264851281557423267,70.0,3.0
4265063687261092649,144.0,7.0
4270706612856461779,1.0,
4273091906077311580,24.0,1.0
4276875140468625526,2.0,
4279627876730571066,1.0,
4283627426030416929,15.0,
4286737662037230114,3.0,
4288288303638928549,41.0,1.0
4295103234364954427,20.0,1.0
4297233304677269536,54.0,2.0
4304377300223400777,9.0,
4304835510508899788,41.0,1.0
4307855090470552164,3.0,
4307883634988417668,316.0,9.0
4327191723835496161,29.0,1.0
4333027394968044600,1.0,
4336105919822626602,82.0,3.0
4340624067190310818,3.0,
4354344310117810248,1.0,
4358670909638724076,2.0,
4362637118247541553,28.0,
4363325595212438195,14.0,
4366460680997508834,10.0,
4368928993610785847,97.0,9.0
4374223567065028003,660.0,24.0
4377818215262745990,31.0,
4379378221206844351,16.0,
4380464468864872905,25.0,
4381004228840920636,213.0,
4389899078237916973,4.0,
4393317140266604791,6.0,
4394666530667127942,64.0,7.0
4397257872244335346,1.0,
4400644890851550073,15.0,2.0
4412250252727631793,91.0,5.0
4413068519504185980,1.0,
4415215776857811816,1.0,
4423045183658384410,13.0,2.0
4423360167288020883,19.0,1.0
4427184056094340674,1.0,
4428685942681894510,1.0,
4429834311245187095,4.0,
4438080197747594467,3.0,
4441395755295233917,8.0,
4444489351641325232,18.0,1.0
4451693271727378702,1134.0,43.0
4454413004607205958,1.0,
4456618121422575276,1.0,
4457707585201641524,6.0,
4462423528736453895,224.0,
4465578591124297082,48.0,2.0
4475274987980152756,464.0,13.0
4475940021903617031,59.0,6.0
4483513059869175135,4.0,
4486250411260006919,18.0,
4491077089971602847,2.0,
4499145853103347551,2.0,
4508242376645258567,1.0,
4508787873616231047,12.0,
4509846253266151979,1258.0,52.0
4511467030614093992,1.0,
4515514181977353885,7.0,
4517419720943201557,88.0,2.0
4523247520276611520,17.0,
4523623650186579300,1844.0,83.0
4525916300936361433,17.0,
4526682587970779776,5.0,
4529177990217843663,6.0,
4530954014471170026,111.0,9.0
4531750498614425376,262.0,9.0
4540020320490120946,596.0,23.0
4541433047317946719,13.0,1.0
4542770473245504295,2.0,
4547007029667602817,4.0,1.0
4549634190504273658,4.0,
4551016440267378171,56.0,
4553478234358480210,22.0,
4554347264431131123,91.0,6.0
4557538027824066252,101.0,3.0
4559244364442471885,7.0,
4563950219592438249,33.0,
4566870829955057060,10.0,
4581933989010042426,202.0,10.0
4582210293842294138,1407.0,46.0
4585356164041249424,4.0,1.0
4590376782031141597,23.0,
4593698848117018852,,1.0
4601153481500893111,2.0,
4606084841513019635,6.0,
4609398715869550725,4235.0,148.0
4615654778794799582,1.0,
4615855338815249131,1.0,
4636503579414184621,40.0,
4639930104100113975,29.0,2.0
4647081051673705188,3.0,
4647779079144371512,2.0,
4647941230332262404,99.0,3.0
4658943939275628029,37.0,1.0
4661551220065171304,5.0,
4662140033263834507,15.0,2.0
4663998499209351745,37.0,3.0
4670521161092035453,366.0,3.0
4673428631251021691,14.0,
4678800067736596148,343.0,5.0
4682438658087079264,1.0,
4686493462551776102,37.0,
4687463717185889558,1.0,1.0
4687587199847485643,264.0,8.0
4688766976726863845,1.0,
4698157270110994847,56.0,1.0
4700450557628150109,5.0,
4703344411992816445,20.0,
4703782828231670043,15.0,
4705742911612768440,12.0,
4707543500057265834,136.0,7.0
4708942260585112245,2.0,
4709526189125896769,176.0,5.0
4715347455979498161,22.0,2.0
4718249437725609006,995.0,41.0
4725491137259426452,2.0,
4726307466901961608,7.0,1.0
4730754714082052580,2.0,
4737480631678563504,7.0,2.0
4741861820839931845,176.0,6.0
4743096035342065469,45.0,3.0
4743497372016165800,201.0,9.0
4745749524391526363,1.0,
4764000394238556488,1.0,
4766928633886982234,18.0,
4770150641133846549,2.0,
4774817719369462066,2.0,
4781761427849750184,1.0,
4783587646276080049,294.0,15.0
4786485397032589117,101.0,3.0
4786571497294285871,3.0,
4789827936898588052,32.0,3.0
4790423242530064922,4.0,1.0
4793838597393424044,1.0,
4803064978575127665,119.0,3.0
4806209337868931162,1.0,
4808622228241802856,53.0,4.0
4819433152509752607,106.0,4.0
4825416193035223003,8.0,
4828095789613031730,5.0,
4836515189063402724,22.0,
4837068652198833086,14.0,1.0
4844466854422715550,35.0,
4850761813279966201,116.0,4.0
4867511753825191745,735.0,18.0
4879729706281239113,2.0,
4881062712069548984,119.0,4.0
4884024358698915638,54.0,2.0
4885462517203681649,400.0,11.0
4891744397727629420,677.0,20.0
4892244504873136656,9.0,
4899028418840784516,5.0,
4911434975952515346,1.0,
4919731663003495617,240.0,13.0
4939017745198533490,1.0,1.0
4940354258314727183,56.0,6.0
4940851772115583463,2492.0,94.0
4945318058846962079,121.0,1.0
4954201202118669540,76.0,2.0
4956761788090448104,22.0,2.0
4964237877076148177,2.0,3.0
4974067147535701706,13.0,2.0
4984878053589799526,14.0,1.0
4985270751259899846,241.0,9.0
4986132859866093176,2.0,1.0
4991221590157846321,108.0,8.0
4993476631356102574,1.0,
4995919587094656727,2.0,
4998489059311835571,10.0,
5000230879729682004,1.0,
5003679390311223727,2.0,
5005239137593909554,1600.0,43.0
5020105802091969429,264.0,18.0
5020933625139755692,1.0,
5023320328521010122,4.0,
5033135281511775555,123.0,6.0
5035881045010134764,207.0,9.0
5038652846754263461,61.0,2.0
5040527325998478605,151.0,5.0
5042901860718111624,322.0,9.0
5051039799137810159,13045.0,382.0
5058388538734220550,17.0,
5060821374675834783,,1.0
5061989367878067210,24.0,1.0
5062610253339915086,2.0,
5067253192359494209,3.0,
5071390536920003983,124.0,5.0
5073808877882781849,4.0,
5077621772287034832,1.0,
5078003785193365045,35.0,
5083244629213976010,316.0,9.0
5083835593273328430,28.0,
5088738669968904940,60.0,1.0
5089214853923854215,72.0,4.0
5092355467403052188,12.0,
5096509799201945977,259.0,13.0
5102802942853208747,124.0,7.0
5110939989783808951,3.0,
5112565194270136287,1.0,
5118632655171423078,328.0,7.0
5129545236502491906,2.0,1.0
5135431245710789604,152.0,7.0
5135700172535349253,2.0,
5140506645291314270,3.0,
5143510802099735301,4.0,4.0
5146543695998604138,45.0,2.0
5149266728337527120,96.0,2.0
5151823654458602687,69.0,3.0
5155895847918371566,6.0,
5158389357141325798,701.0,5.0
5158427862428766400,2.0,
5165612627951753008,9.0,
5169180271890606927,1.0,
5174001010233265553,3.0,
5177140133080909543,22.0,1.0
5179747367995090225,4.0,
5182434003419803441,10.0,2.0
5187616539571182257,12.0,
5190693368639169191,7.0,
5195421235099407385,1.0,
5198734305465422770,68.0,4.0
5199125549917501670,3.0,1.0
5202155569089928815,951.0,45.0
5209415578245574874,7.0,
5214219454283803638,255.0,14.0
5222380270641175693,104.0,3.0
5226293625526964993,4.0,
5230251154114031186,15.0,1.0
5239369884463434799,558.0,15.0
5240416527888312769,1.0,
5243628106987627141,318.0,13.0
5248215333308682984,31.0,3.0
5248640809194085488,3.0,
5257935201552295179,5.0,
5268140202497777921,2.0,
5271090580259518259,11.0,1.0
5273770475311552436,23.0,1.0
5279240950173491068,13.0,1.0
5280637160506675889,8.0,1.0
5283416052581529076,622.0,41.0
5283877193800967290,92.0,1.0
5284461859814837854,25.0,1.0
5286396778040748115,3.0,
5299287639108681377,21.0,
5303494709169938727,67.0,3.0
5314429791379162253,1.0,
5318908819634585798,1.0,
5323902068201809641,551.0,23.0
5329697210814947230,3.0,
5336881412073696640,382.0,25.0
5336959422167139668,2.0,
5339905837983709534,13.0,1.0
5350076209514218342,21.0,
5357779548318177765,20.0,2.0
5359937259444367650,6.0,1.0
5368019250815240955,2990.0,138.0
5371546140611247561,3.0,
5374873146249497212,4.0,
5378734546976792159,20.0,
5380334197599682831,30.0,3.0
5382164086956563906,3.0,
5383184292446244327,1.0,
5386072248508542596,2.0,2.0
5389262809215003264,2.0,
5399682807292839205,32.0,2.0
5402555686380756010,3.0,
5404648197072083699,216.0,7.0
5404977987074526059,18.0,
5417883532386770724,1.0,
5418401674709601072,8.0,1.0
5425679610157986496,274.0,7.0
5431312555660352727,1.0,
5440639854905238148,11.0,1.0
5442775893119637060,1.0,
5444276088416545363,10.0,
5449066000831555549,58.0,4.0
5449533655652231839,1.0,
5452425654583771100,12.0,
5452870422661865159,6.0,
5453902042769028565,2.0,1.0
5454033227514511696,1.0,
5454364673608593462,3.0,
5459701171461637611,24.0,2.0
5461216608505120556,12.0,
5465286616288171551,290.0,6.0
5469586319569925461,242.0,11.0
5470762880488411720,11.0,2.0
5480167263150546752,8.0,
5484594815599431308,24.0,3.0
5485797064198398311,6.0,
5500155895310997253,170.0,
5502112173726415383,550.0,20.0
5504323891760461275,123.0,4.0
5518772674611648689,18.0,
5520678735822176314,144.0,7.0
5523414629658547717,965.0,34.0
5525331779995869166,4.0,
5528888664693325402,75.0,3.0
5530397318573228559,97.0,9.0
5531093196944751185,1.0,
5540052147673375462,8.0,
5541520317516295665,110.0,4.0
5547355503320133516,55.0,5.0
5549339746919835341,3.0,
5552377457558190894,1207.0,24.0
5556555175546834386,149.0,4.0
5556562605571315222,156.0,7.0
5559696438064514219,5.0,
5567670111456963649,21.0,
5574656911326262988,254.0,15.0
5579422603092131304,892.0,48.0
5584648573399700173,,1.0
5585985456004135686,4.0,
5591888517797178329,10.0,
5595402644584690504,20.0,4.0
5605079194424112750,268.0,15.0
5609686233480469348,255.0,15.0
5616048608478795122,3.0,
5619312976898210453,12.0,
5619508512744616234,5.0,
5625908644679516660,9.0,
5626443572607591130,1973.0,69.0
5627542295180809399,135.0,2.0
5637390404088288248,3.0,
5649427525497179225,1.0,
5650383807467745459,3.0,
5655564989141559984,22.0,1.0
5659822274410430371,17.0,2.0
5670769413211266478,1.0,
5673655075745107196,6.0,
5675342552040097653,5.0,2.0
5676453458942099902,2.0,1.0
5677794526781712497,18.0,
5677999588109151407,571.0,20.0
5690700476540773402,7.0,
5693874274610286272,140.0,4.0
5696505596222716071,6.0,
5703461282894034865,6.0,
5712111704932546497,1.0,
5714352312128938336,1.0,
5714395300114861736,13.0,3.0
5716822552807094156,13.0,
5719274637828952704,1.0,
5723550375035672804,8.0,
5738287572601304102,381.0,24.0
5752326235539209689,147.0,6.0
5767033397160710304,221.0,9.0
5769274280419401066,5.0,
5773965590041556019,48.0,2.0
5774465392487913311,5.0,1.0
5779159889844375309,166.0,14.0
5781415592264523778,1.0,
5785896425669741412,1456.0,54.0
5786072755135507496,476.0,16.0
5787989015305906570,445.0,18.0
5788412966924350047,10.0,
5812794603727722170,28.0,1.0
5813005471316388095,70.0,1.0
5814654175243977125,2.0,
5817146804974902234,59.0,
5818352635473521241,3730.0,125.0
5845027111738511764,1322.0,54.0
5850120272245820402,201.0,11.0
5851171542852674162,1.0,
5868036826967881866,7.0,1.0
5868068403360535539,39.0,1.0
5871382375852773559,418.0,23.0
5880747127083996556,343.0,
5884330880245004209,19.0,2.0
5885007277386471408,76.0,3.0
5885649422914021468,5.0,
5886214289746133519,12.0,1.0
5890149139702262860,5.0,1.0
5891322612106974323,1.0,
5896303189034677982,1.0,
5901154218567881770,36.0,5.0
5912370905143468216,332.0,10.0
5913697158618499975,1.0,
5914603573998422064,2.0,
5914803893321961864,38.0,1.0
5919667442750491519,90.0,2.0
5922378988941465847,21.0,1.0
5928660384650541148,9.0,
5935132286201038378,42.0,3.0
5940187538911029054,19.0,
5940751938089343302,333.0,12.0
5947090032008410049,116.0,5.0
5947236421702695721,,3.0
5952173591396809367,8.0,
5955850956320583280,6.0,
5958377334833258323,1.0,
5966513271182286169,9.0,
5975256123832291187,23.0,
5975542673421994466,1.0,
5977853520638797909,273.0,4.0
5978202475897043767,70.0,
5978716744028529482,15.0,
5991033280852739592,35.0,1.0
5996230108360542579,30.0,3.0
5999742278050093303,2.0,2.0
6002807421041592965,3.0,
6019171604751503963,109.0,4.0
6019576677441880425,1.0,
6024758762838160236,1.0,1.0
6028595068605474063,4.0,
6034464436981410913,41.0,1.0
6038858882031341578,50.0,1.0
6041797658677705166,23.0,
6042349938082523110,1.0,
6044700052858422882,627.0,21.0
6048610663970175954,18.0,
6055477064474535683,809.0,22.0
6064808109373642084,1.0,
6064935554100225812,7.0,1.0
6065427184964763367,237.0,6.0
6070654406011873234,4.0,
6071311834091097982,9.0,1.0
6071559790195623236,1.0,
6072280122358984890,40.0,
6078791800131392662,1.0,
6087998089983087410,26.0,
6091566951467404346,329.0,19.0
6099353480714499209,125.0,3.0
6103095594140195908,881.0,24.0
6106548370908425081,276.0,12.0
6108765258052978520,2.0,1.0
6109485127695784689,2.0,
6109614906407998996,132.0,8.0
6110156123079356362,31.0,
6115690827629244026,66.0,2.0
6120944324463701607,187.0,5.0
6125628036178067061,164.0,9.0
6126286459294375386,15.0,
6127603488894757004,58.0,1.0
6128445359079192627,72.0,1.0
6129827541639883296,267.0,34.0
6130043800019376167,5.0,2.0
6130510123928518346,16.0,
6131539685565562549,155.0,2.0
6134281726795519070,13.0,
6139316236836834265,112.0,1.0
6140241067457104013,106.0,5.0
6142330374412936658,30.0,
6145077858704446614,1.0,
6158409960810522193,44.0,5.0
6167004151718575247,4.0,
6175193785515211983,1.0,
6175674069815388486,771.0,36.0
6176263710119564847,5.0,2.0
6178576308047291937,6.0,
6182114426243306344,3.0,
6192347863270429746,1.0,
6194572118417479583,10.0,2.0
6195920447889997558,5.0,2.0
6196945588477226093,206.0,6.0
6197934965777053135,17.0,
6201590298542530960,50.0,1.0
6206294559202424512,64.0,
6208619517441529119,1.0,
6211825719228669790,98.0,4.0
6217394283123223385,1.0,
6222601696801043374,11.0,
6237291231785969575,1.0,
6237731331096375478,26.0,1.0
6239726178454339317,55.0,2.0
6244230054938909748,1.0,
6244876989019773189,18.0,
6258117710551575727,60.0,3.0
6261152606455340004,4.0,
6271547673856628334,638.0,12.0
6284036082363062723,10.0,1.0
6297650902281144933,2224.0,80.0
6299315947828980825,12.0,
6300540115852457028,1.0,
6310519537391143706,1.0,
6321978664712180915,19.0,
6322470650416277442,1.0,
6323982552938853610,17.0,2.0
6332422790215817561,33.0,3.0
6334700476638619222,18.0,
6335555515142256828,2.0,
6339311447604942164,1.0,
6340597919026785905,3.0,1.0
6346959468862651581,17.0,2.0
6347478329844265214,6.0,
6354695022400614714,1423.0,8.0
6366853359941823267,6.0,
6380413035808721349,104.0,4.0
6394296499122567431,36.0,
6398277257591704476,1567.0,32.0
6400031259989360861,540.0,18.0
6406045410816976259,3.0,
6411905278792367408,69.0,
6412561157345892319,124.0,5.0
6413541174515805434,13.0,
6415094241337903921,481.0,19.0
6422862348064888321,68.0,3.0
6427739545252078092,310.0,17.0
6444188400739937297,,1.0
6446348278915429806,159.0,9.0
6447766541123854191,4.0,
6450293905041528773,259.0,2.0
6456159658728817695,561.0,22.0
6466936677476838092,759.0,19.0
6468704951696293411,3.0,
6470484302076280678,1290.0,42.0
6470610933114120051,498.0,23.0
6478436664527982812,1.0,
6482126919983045937,3.0,
6484835263364658312,47.0,
6488385927715516741,1.0,
6489458250146614394,1027.0,34.0
6498185922435674886,306.0,18.0
6502339892010530278,686.0,25.0
6505903738573484800,90.0,4.0
6515812671706870959,211.0,4.0
6521071023790094756,49.0,3.0
6537865698431235755,2.0,2.0
6553441911153962469,3.0,
6553461951829665552,2764.0,120.0
6567458898894016860,554.0,28.0
6567565235937418573,500.0,24.0
6568293745501795510,48.0,3.0
6571170018693308019,1.0,
6576222375465602657,16.0,
6578180968880120843,19.0,2.0
6583040696927996566,4.0,
6589604449736579664,77.0,4.0
6589860637188733450,528.0,38.0
6591209411836961953,9.0,
6594931862889763070,6.0,
6597536062200899569,22.0,1.0
6597576831450166037,4216.0,195.0
6599414443549995665,105.0,4.0
6602144827250813059,16.0,2.0
6603966483940914595,11.0,1.0
6605696269518551290,2.0,
6616302247261294287,4.0,
6618987826177282430,72.0,4.0
6644927604699198021,36.0,4.0
6645192220026217429,3.0,
6647736191099187475,4.0,
6648616108996354950,213.0,10.0
6648633844118908932,353.0,13.0
6653462042977345040,17.0,1.0
6659246943908593550,1.0,
6659691070816351370,125.0,5.0
6670703804191623767,35.0,3.0
6673408555601559736,268.0,17.0
6673685410215457408,275.0,11.0
6675938127586965866,174.0,10.0
6677642740142084199,3.0,
6681207890738293042,381.0,18.0
6700582816364994556,4.0,
6706943012351603673,1.0,
6708991350324065529,288.0,5.0
6711571381191498994,1.0,
6723536585503620390,1.0,
6726491495987857631,10.0,
6729455466622901837,1.0,
6730216850628402902,28.0,
6731348784895330033,146.0,9.0
6734153091995454268,4.0,1.0
6742399872937273850,19.0,
6750943287415063989,21.0,
6755703734042169866,3.0,1.0
6766746525511330379,54.0,
6771422510390856329,76.0,
6780776084700535600,13.0,2.0
6785913687579677534,41.0,
6788125321388365311,186.0,8.0
6789334315956201519,7.0,1.0
6790912665090579747,2.0,
6793286343174833903,5280.0,128.0
6794728708842305615,186.0,11.0
6796828987749543727,48.0,1.0
6806478448328688288,7.0,
6813598215510087020,3.0,
6817496257793113234,1584.0,81.0
6825793235988651402,63.0,
6836459012764695363,194.0,6.0
6839893670042272222,342.0,21.0
6844257216914028052,3.0,
6852176331253878692,119.0,3.0
6855038495588938586,7.0,
6859795293007000735,3.0,
6860358307992497395,8.0,2.0
6870238053247018384,22.0,1.0
6874110308416919683,2347.0,149.0
6877865024294922946,2.0,
6883047161920959761,20.0,1.0
6893169957645957922,180.0,9.0
6896989586305179081,6.0,
6900457092875704846,6.0,1.0
6900561962766323826,83.0,3.0
6915812771157161488,6.0,
6916093666935590389,5.0,
6919548130380739086,2.0,
6920608432617920961,6.0,
6923156017018087133,144.0,3.0
6926945988576364267,21.0,
6929329252775790233,90.0,2.0
6931693227795712686,4.0,
6940862854530726089,5.0,1.0
6948887284135388271,23.0,
6953583634825497534,2.0,
6957407587610658997,496.0,13.0
6963331468469202718,4.0,
6963971045309147196,2.0,
6966092348979214320,224.0,15.0
6971217235177200580,17.0,2.0
6974405558361080603,7.0,2.0
6978979468671647206,80.0,4.0
6985631078719150515,616.0,32.0
6986537875200332659,1362.0,53.0
6987219095743217592,74.0,3.0
6992555703061339802,33.0,2.0
6993208032874943292,388.0,15.0
6996686543595998971,269.0,15.0
6999149997483154689,21.0,2.0
7002998033267268097,79.0,5.0
7004655080434388258,1.0,
7006245966640081609,74.0,1.0
7011810755281948759,10.0,
7024713306861377790,3453.0,164.0
7026745799208201535,273.0,20.0
7031104987220135607,1.0,
7033103669388689415,135.0,5.0
7035323683233987316,96.0,7.0
7042915253873948506,,1.0
7045055403132969390,809.0,28.0
7047358652356708699,1.0,
7054249283532830920,30.0,2.0
7056412441652112780,27.0,
7065702280936658437,12.0,
7066302540842412840,13823.0,575.0
7072079735326268846,41.0,
7079816767019452524,45.0,2.0
7091383767660014758,1.0,
7107270961127938783,1.0,
7107550726549889597,1.0,
7117459725100315726,7.0,
7119354616378580566,1.0,1.0
7120453024684075967,1423.0,47.0
7132556870103511908,1.0,
7136631019944303403,39.0,
7141952501044346819,50.0,4.0
7147029845653310260,1.0,
7148603979897218260,52.0,5.0
7158736841388680160,86.0,6.0
7166307405309656478,3195.0,145.0
7171859764720090696,13.0,1.0
7171884609679593245,3.0,
7176639755415135661,25.0,
7178925137462845568,349.0,
7180480138042089448,2.0,
7189817588267239711,,1.0
7192916620947569030,204.0,8.0
7198383180530775306,122.0,9.0
7201788269226240533,23.0,
7205734386726557232,1.0,
7216680296778846456,4.0,
7241427663466206009,5.0,
7242346358439313915,3.0,
7251517378425409198,2.0,
7252300515476419256,3.0,
7261145774259990740,10.0,
7264941481735304126,98.0,2.0
7269218339036157133,107.0,2.0
7271629160665944919,88.0,
7281052652783023198,1704.0,51.0
7282957705763170254,24.0,3.0
7283485042454644545,5.0,2.0
7284754520375943250,5.0,1.0
7286462071030783333,514.0,17.0
7287199538018696835,4.0,
7288938629572138889,59.0,
7291229474943755186,125.0,
7298740016315313553,202.0,9.0
7299242249296021869,7.0,
7308483112157031279,19.0,
7316694313458082102,2.0,
7321109352443347679,386.0,8.0
7323666521619663840,154.0,6.0
7327057604285018090,1.0,
7331176328502375105,4.0,
7331360968071710521,1.0,
7335554592427465481,595.0,32.0
7338469317302655653,243.0,15.0
7340981884217879178,17.0,
7346225150762541073,31.0,3.0
7361742697111557809,46.0,1.0
7374983363538724513,2.0,
7378227218406649543,1.0,
7390590854874385698,97.0,6.0
7393038778026345793,2607.0,124.0
7397906319319163673,45.0,5.0
7401762668228624209,4.0,
7406026061319363289,3.0,
7406274767598309783,91.0,3.0
7406439742033668412,90.0,2.0
7406772898165221185,4.0,
7406793209850071917,20.0,
7407382340141490856,4.0,1.0
7413989953507223430,1.0,
7414491475368317358,53.0,3.0
7421074257860006345,132.0,5.0
7422433390935773998,7.0,4.0
7427837757637925497,3.0,1.0
7428116787835893120,55.0,2.0
7428999784253482626,80.0,8.0
7432288428137822706,1.0,
7438555350832640902,20.0,2.0
7448844044880143154,5.0,
7459280851930740582,1.0,
7467103590812792103,210.0,10.0
7474330809484045621,747.0,26.0
7476664151456630396,2.0,
7478428122689251418,19.0,1.0
7483907218999440764,11.0,1.0
7487376841223668662,13.0,
7490623262993593270,70.0,7.0
7495127045008840855,1.0,1.0
7499665218045556262,63.0,
7501103746340693435,97.0,4.0
7504249607452648277,4.0,
7505917690183908375,2.0,
7509767623633099001,173.0,5.0
7511131311098768240,3.0,
7516863751860460436,1.0,
7521022057739325697,10.0,
7521773145063266060,103.0,3.0
7522928365183486855,3.0,
7536496778548117280,58.0,
7540331145567923298,182.0,6.0
7542038721425120946,13.0,
7546708293522686783,6.0,
7553113888447945720,10.0,
7555982602743463853,208.0,7.0
7558981144518764597,5.0,
7563204753805084745,3.0,
7565034691623825399,23.0,1.0
7565339841706586410,6.0,
7565624769050790558,679.0,25.0
7569127627909556283,8.0,1.0
7571417354773439969,426.0,16.0
7573906240384413390,169.0,5.0
7575416477847156077,1555.0,44.0
7580812777056867947,2.0,
7583969141713309215,,1.0
7586085841118196998,2146.0,77.0
7596250191648467347,3.0,
7602103404097863475,59.0,
7606241255686565196,22.0,1.0
7606684487030084883,17.0,
7613122523272645636,1.0,
7613596191614152249,12.0,
7627096374935812062,109.0,7.0
7640680906771150699,211.0,11.0
7648043289231166055,3.0,
7652129664586667369,1.0,1.0
7658112050045561001,1.0,
7662787104873343777,37.0,1.0
7667619393171350481,9.0,
7672272295391266566,89.0,2.0
7676082626559216906,1.0,
7677938250226894640,41.0,
7679788586808562408,2.0,
7680578413308840439,48.0,2.0
7683384751904865298,53.0,1.0
7684517363594000252,83.0,2.0
7694576845810866822,45.0,1.0
7709558880934061897,225.0,3.0
7709666533097295261,6.0,
7712613236007508459,2.0,1.0
7713822404333712122,1.0,
7714948641312932189,188.0,9.0
7726847552030493536,7.0,
7738101827252981059,2.0,
7740933153469783692,1.0,
7741357187430904647,38.0,
7743127799604451809,1.0,
7752848774224104675,88.0,
7755478334397897630,4.0,
7758804396377297695,39.0,
7761348079347278668,267.0,10.0
7765833667142236941,10.0,
7773731300088910231,1.0,
7776067973526469405,5.0,
7790474589537066469,7.0,
7806767246000070478,1.0,
7811505659782367194,11.0,
7813851586665322841,6.0,1.0
7823410948630618060,12.0,
7823676092290638466,,1.0
7825808270268570037,25.0,1.0
7827928728752750738,2.0,
7835157542581316875,154.0,4.0
7836517907846999124,1.0,
7838285046767229711,69746.0,2687.0
7840464638496668374,256.0,5.0
7844054043114368242,750.0,30.0
7845937062821051181,12.0,
7847920073147268053,3.0,3.0
7858308551018289938,6.0,
7858506602759255680,17.0,1.0
7861496245147301217,207.0,14.0
7870189006815713618,579.0,28.0
7875490179334981130,7.0,
7875502734879644672,71.0,5.0
7875739727730798464,600.0,62.0
7882539831636422522,693.0,42.0
7891576649753869031,1.0,
7902859510105346280,250.0,13.0
7905730874000758834,208.0,8.0
7906646087543004026,1.0,
7910859453125165644,5.0,1.0
7916413085659492016,86.0,2.0
7918945771857154923,1.0,
7922379460491348018,87.0,4.0
7927126768601045525,1.0,
7929254543474411769,11.0,
7932787173769569369,37.0,1.0
7932822834101350815,6.0,
7937102919743018432,1.0,
7939252259952199674,117.0,8.0
7940190931447630692,6.0,
7946855602618857496,140.0,8.0
7949028285161511917,54.0,4.0
7961402582678059742,44.0,
7964043325880911126,28.0,
7973512163818034856,4.0,
7973972940961913775,517.0,23.0
7974282730305106005,24.0,1.0
7977197711283115877,3.0,
7982176309564636020,2.0,
7982675616378229318,6.0,
7991867220900340721,1.0,
7998843914805100850,9.0,
8001207207495838167,11.0,1.0
8010349667144767433,127.0,6.0
8013117779844982086,130.0,5.0
8015634094010435394,65.0,4.0
8022699944932278033,1.0,
8024217370309366235,14.0,2.0
8033297887432466850,10.0,
8036402958319042519,2369.0,61.0
8047980945897329999,77.0,3.0
8050773559480300466,91.0,1.0
8053446938001992726,1866.0,73.0
8057765640260044017,111.0,1.0
8059685539543764711,2.0,
8061459091862288833,1.0,
8066339406794417387,1130.0,45.0
8074049719656098490,17.0,
8090723075517821806,593.0,8.0
8094362278359925151,2.0,
8094579210892628985,3.0,
8112479440127643789,4.0,
8118641040358515559,62.0,
8122024675575267139,12.0,
8123650696671559452,1172.0,47.0
8123837192625258627,398.0,12.0
8124665453095084026,126.0,3.0
8126195666233054089,156.0,5.0
8128937167044189639,1.0,
8134710283155525416,1.0,
8139258963511384964,44.0,2.0
8141148183717989653,419.0,14.0
8151325051184833283,53.0,1.0
8154494945729997488,1.0,
8154869080916040553,1.0,
8161348841110471383,5.0,
8162786446495278915,53.0,1.0
8166546118325934810,4.0,
8168739615500231062,443.0,25.0
8173763638575374333,6.0,
8174124882016041930,695.0,29.0
8179015602173513647,26.0,
8187377499521399858,2.0,
8188723660812005813,3739.0,134.0
8191521775912951787,80.0,
8192555514275337591,58.0,1.0
8201054057800161653,3.0,
8206658627848376344,53.0,1.0
8206991112308084145,35.0,
8222737177943429857,13.0,
8254666549368787884,33.0,3.0
8263972576177676242,1.0,
8268695375316604249,23.0,
8269150605279128612,10.0,
8276334614808002981,1.0,
8279886270726471798,1.0,
8283301248109331111,23.0,
8284706075438567710,95.0,9.0
8300079918928672182,1.0,
8304671898802561695,6.0,1.0
8304804602902414498,11.0,
8310609284493173349,30.0,
8312275464251574160,3.0,
8318167257676849630,24.0,2.0
8324857885829459863,116.0,6.0
8329144969197358181,7.0,1.0
8337823200502641985,4.0,
8337869872962160586,28.0,3.0
8339590991493072780,8.0,1.0
8339858398560437737,12.0,2.0
8344033031079810611,22.0,
8356953619503111815,2.0,
8357072520238276577,23.0,3.0
8365689992663024147,1.0,
8365718240851292854,2.0,
8368423632374987698,1.0,
8368668207595681747,66.0,4.0
8369815753753928732,67.0,2.0
8370055011577363518,4.0,1.0
8381537045945885851,4.0,
8381665860685509641,4.0,
8386361385097673814,1.0,
8388927293665540960,376.0,17.0
8391060959170320944,3.0,
8395961054013131742,1.0,
8402801315717312289,1.0,
8404083402148481490,90.0,1.0
8406448923790705945,343.0,20.0
8412290944490870152,11.0,
8414898936808023041,364.0,11.0
8421776044349554542,1.0,1.0
8423871433538420199,,1.0
8425354587306482626,1210.0,43.0
8428835448003050009,2.0,
8439105518725414462,,1.0
8442939536703967299,62.0,3.0
8452404520008626559,253.0,6.0
8457318464758319302,3.0,
8457392630256871878,1.0,1.0
8468263726974372580,5.0,
8468951894314348050,3.0,
8474415097004487062,446.0,8.0
8478750308630963776,823.0,5.0
8480524452834846814,90.0,1.0
8483406475893875806,5.0,
8485192319682084757,24.0,
8486979691234904424,28.0,1.0
8491425921877876551,34.0,3.0
8500064793904930533,108.0,3.0
8502220698156958321,551.0,32.0
8504794062364770451,10.0,1.0
8508591966161109911,62.0,2.0
8512521987621692983,6.0,
8513744711471588405,50.0,4.0
8518297478229611474,149.0,7.0
8524284093695408656,2.0,
8525697035006992337,1.0,
8533894070177988481,737.0,32.0
8540426671209767910,14.0,
8554336046500516179,2.0,
8566844735754641639,1357.0,58.0
8573959705608376440,17.0,
8579121841917434183,128.0,3.0
8581037273340809567,14.0,
8590384908945181055,7.0,
8593288273048507096,12.0,1.0
8597903841044534092,120.0,1.0
8607475531440712537,5.0,
8609067916087729136,1.0,
8614175337564670549,3.0,
8619402328713995882,4.0,
8623002969617815977,57.0,
8634183245994393190,4.0,
8634537942965447300,1.0,
8638657947378281494,14.0,1.0
8646333329202038507,521.0,20.0
8651541058905391090,3.0,
8654603462761550950,368.0,12.0
8657637659650158808,27.0,
8664488959391287997,131.0,4.0
8666266363555275637,2.0,
8673182483861017846,403.0,12.0
8675795159345046330,4.0,
8676922539247578696,148.0,3.0
8678725269286556188,35.0,3.0
8683313348896990781,60.0,6.0
8687503461234582113,98.0,1.0
8697839933653415963,57.0,4.0
8700577147675076977,11.0,
8703922401364287693,6.0,
8710368052731575715,9.0,
8716627148760212840,12.0,
8723507303766764255,2.0,
8730957122368220306,5.0,1.0
8736381886757040571,4.0,
8741008922153878163,243.0,10.0
8741265992602272130,2.0,
8742920240531537159,1.0,
8748692183765576457,4.0,
8752866428613753998,33.0,3.0
8755292343474005260,846.0,19.0
8758192103595372235,3.0,
8762349521677683987,48.0,2.0
8764049911495078171,8.0,
8764476586861481001,5.0,
8764630886379924403,4.0,
8775710902337335536,95.0,1.0
8787662325928917957,4.0,1.0
8798677531245993209,7.0,
8805017917559317929,24.0,2.0
8814062882976912522,319.0,7.0
8814329128948649668,323.0,12.0
8814831347171386122,232.0,6.0
8815441377925311387,10.0,
8822519549622539215,27.0,
8824161837536837870,2.0,
8825768371783432590,4.0,
8828794970578684687,757.0,36.0
8842424507985531514,320.0,7.0
8846021431831251875,1756.0,74.0
8847301563836025453,846.0,31.0
8849737705097277035,75.0,3.0
8850963851936857810,21.0,1.0
8851809798500927530,46.0,1.0
8856657787990859745,32.0,2.0
8864227926262666074,29.0,
8866421199280906838,1.0,
8870406078257611053,1.0,
8874015862900863854,1092.0,54.0
8884679371376565981,27.0,1.0
8891627913916188275,107.0,4.0
8897629242866618995,6.0,
8899643867869961594,166.0,9.0
8911905276962875869,17.0,2.0
8914712899871843674,39.0,2.0
8926944189221751482,25.0,1.0
8930461063201469343,155.0,1.0
8944466927480971196,40.0,
8948500522195314904,22.0,
8951742640740629025,7.0,
8954224956295124578,394.0,9.0
8954352664254541225,18.0,
8955314352880371512,50.0,6.0
8959660305950456313,338.0,23.0
8972979563043025115,50.0,1.0
8998459528762993324,1.0,
9001798555190783082,67.0,4.0
9009312204494401876,27.0,
9014986396824787250,63.0,13.0
9018196615084799971,1.0,1.0
9019844752520405782,16.0,1.0
9020522555315770637,1.0,
9034335143600708046,3.0,
9034547097740931602,2.0,
9040643699828255193,1.0,
9045802571693054724,1740.0,57.0
9048475595145267697,4.0,
9048578569697348316,469.0,29.0
9051492451124193427,66.0,2.0
9055042385424132078,3.0,
9057103201734987852,171.0,2.0
9059598492566122644,,1.0
9063860920893922417,223.0,9.0
9064846627826095282,4.0,
9069997878008826325,27.0,1.0
9074595412751329278,61.0,5.0
9076129251337526784,5.0,1.0
9078720786395237075,179.0,14.0
9079215464678794536,36.0,1.0
9079227999256126582,1.0,
9086465813468248884,11.0,
9087257141241453112,1.0,
9087329261917352869,4.0,
9089324155274812597,5.0,
9097048119552647178,1.0,
9101592800176059445,16.0,1.0
9101848386338438402,5.0,2.0
9105823345952927411,1.0,
9106548870107910138,34.0,
9114228973189111732,7.0,
9123723691436546506,272.0,4.0
9124813535392707761,58.0,1.0
9128349072395737126,379.0,17.0
9132883203614799821,29.0,1.0
9134623115795675134,1.0,
9135480045424404456,16.0,
9135746034926852914,12.0,
9143916258066354406,25.0,
9147738454065357208,2.0,
9153223652061547337,22.0,
9154136634114006157,25.0,1.0
9154664499305866400,1.0,
9154775487190522588,319.0,25.0
9155670768093893260,38.0,
9157288739979218785,134.0,3.0
9160637652882860537,21.0,
9168246112425745081,1.0,
9179627165232605980,22.0,1.0
9184481742656729674,80.0,6.0
9192056858610007539,415.0,16.0
9197386968174653176,4.0,
9208708814891093062,14.0,1.0
9209662116421982783,80.0,
9220684402716277904,10.0,3.0
9222396336956121633,32.0,1.0
